{
    "pages": [{
            "path": "pages/home/loading",
            "style": {
                "navigationStyle": "custom"
            }
        },
        {
            "path": "pages/home/index",
            "style": {
                "navigationStyle": "custom"
            }
        },
        {
            "path": "pages/home/guide",
            "style": {
                "navigationBarTextStyle": "black",
                "navigationBarTitleText": "引导页",
                "navigationStyle": "custom"
            }
        },
        {
            "path": "pages/home/poster-setting",
            "style": {
                "navigationBarTitleText": "分享设置"
            }
        },

        {
            "path": "pages/grid/grid",
            "style": {
                //#ifndef MP
                "navigationStyle": "custom"
                //#endif
            }
        },
        {
            "path": "pages/ucenter/ucenter",
            "style": {
                "navigationBarTitleText": "个人中心"
            }
        },
        {
            "path": "uni_modules/uni-upgrade-center-app/pages/upgrade-popup",
            "style": {
                "disableScroll": true,
                "app-plus": {
                    "backgroundColorTop": "transparent",
                    "background": "transparent",
                    "titleNView": false,
                    "scrollIndicator": false,
                    "popGesture": "none",
                    "animationType": "fade-in",
                    "animationDuration": 200
                }
            }
        },
        {
            "path": "pages/uni-agree/uni-agree",
            "style": {
                "navigationStyle": "custom",
                "app-plus": {
                    "popGesture": "none"
                }
            }
        },
        {
            "path": "pages/ucenter/settings/settings",
            "style": {
                "navigationBarTitleText": "设置"
            }
        },
        {
            "path": "pages/common/webview/webview",
            "style": {
                "navigationBarTitleText": "",
                "enablePullDownRefresh": false
            }
        },
        // {
        //     "path": "pages/ucenter/read-news-log/read-news-log",
        //     "style": {
        //         "navigationBarTitleText": "阅读记录",
        //         "enablePullDownRefresh": true
        //     }
        // },
        // {
        //     "path": "pages/ucenter/invite/invite",
        //     "style": {
        //         "navigationStyle": "custom",
        //         "enablePullDownRefresh": false
        //     }
        // },
        // {
        //     "path": "uni_modules/uni-feedback/pages/opendb-feedback/opendb-feedback",
        //     "style": {
        //         "navigationBarTitleText": "意见反馈",
        //         "enablePullDownRefresh": false
        //     }
        // },
        // {
        //     "path": "uni_modules/uni-id-pages/pages/userinfo/deactivate/deactivate",
        //     "style": {
        //         "navigationBarTitleText": "注销账号"
        //     }
        // },
        {
            "path": "uni_modules/uni-id-pages/pages/userinfo/userinfo",
            "style": {
                "navigationBarTitleText": "个人资料"
            }
        },
        // {
        //     "path": "uni_modules/uni-id-pages/pages/userinfo/bind-mobile/bind-mobile",
        //     "style": {
        //         "navigationBarTitleText": "绑定手机号码"
        //     }
        // },
        {
            "path": "uni_modules/uni-id-pages/pages/userinfo/cropImage/cropImage",
            "style": {
                "navigationBarTitleText": ""
            }
        },
        {
            "path": "uni_modules/uni-id-pages/pages/login/login-withoutpwd",
            "style": {
                "navigationBarTitleText": ""
            }
        },
        {
            "path": "uni_modules/uni-id-pages/pages/login/login-withpwd",
            "style": {
                "navigationBarTitleText": ""
            }
        },
        // {
        //     "path": "uni_modules/uni-id-pages/pages/login/login-smscode",
        //     "style": {
        //         "navigationBarTitleText": "手机验证码登录"
        //     }
        // },
        // {
        //     "path": "uni_modules/uni-id-pages/pages/register/register",
        //     "style": {
        //         "navigationBarTitleText": "注册"
        //     }
        // },
        // {
        //     "path": "uni_modules/uni-id-pages/pages/retrieve/retrieve",
        //     "style": {
        //         "navigationBarTitleText": "重置密码"
        //     }
        // },
        {
            "path": "uni_modules/uni-id-pages/pages/common/webview/webview",
            "style": {
                "enablePullDownRefresh": false,
                "navigationBarTitleText": ""
            }
        },
        // {
        //     "path": "uni_modules/uni-id-pages/pages/userinfo/change_pwd/change_pwd",
        //     "style": {
        //         "enablePullDownRefresh": false,
        //         "navigationBarTitleText": "修改密码"
        //     }
        // },
        // {
        //     "path": "uni_modules/uni-id-pages/pages/register/register-by-email",
        //     "style": {
        //         "navigationBarTitleText": "邮箱验证码注册"
        //     }
        // },
        // {
        //     "path": "uni_modules/uni-id-pages/pages/retrieve/retrieve-by-email",
        //     "style": {
        //         "navigationBarTitleText": "通过邮箱重置密码"
        //     }
        // },
        // {
        //     "path": "uni_modules/uni-id-pages/pages/register/register-admin",
        //     "style": {
        //         "enablePullDownRefresh": false,
        //         "navigationBarTitleText": "注册管理员账号"
        //     }
        // },
        {
            "path": "pages/special-days/add",
            "style": {
                "navigationBarTitleText": ""
            }
        },
        {
            "path": "pages/special-days/list",
            "style": {
                "navigationBarTitleText": "时光列表"
            }
        },
        {
            "path": "pages/special-days/detail",
            "style": {
                "navigationBarTitleText": "详情"
            }
        },
        {
            "path": "pages/start-end-time/edit",
            "style": {
                "navigationBarTitleText": "编辑"
            }
        },
        {
            "path": "pages/start-end-time/detail",
            "style": {
                "navigationBarTitleText": "详情"
            }
        },
        {
            "path": "pages/ucenter/astro/index",
            "style": {
                "navigationBarTitleText": "星座查询",
                "enablePullDownRefresh": false
            }
        },
        {
            "path": "pages/ucenter/astro/result",
            "style": {
                "navigationBarTitleText": "星座详情",
                "enablePullDownRefresh": false
            }
        }
    ],
    "globalStyle": {
        "backgroundColor": "#A2D2E6",
        "navigationBarTextStyle": "white",
        "navigationBarBackgroundColor": "#A2D2E6",
        "enablePullDownRefresh": false,
        "rpxCalcMaxDeviceWidth": 375,
        "rpxCalcBaseDeviceWidth": 375
    },
    "tabBar": {
        "color": "#7A7E83",
        "selectedColor": "#8fbec1",
        "borderStyle": "white",
        "backgroundColor": "white",
        "list": [{
                "pagePath": "pages/home/index",
                "iconPath": "static/tabbar/home.png",
                "selectedIconPath": "static/tabbar/home_active.png"
                //			"text": "时光"
            },
            {
                "pagePath": "pages/special-days/list",
                "iconPath": "static/tabbar/list.png",
                "selectedIconPath": "static/tabbar/list_active.png"
                //			"text": "宫格"
            },
            {
                "pagePath": "pages/ucenter/ucenter",
                "iconPath": "static/tabbar/user.png",
                "selectedIconPath": "static/tabbar/user_active.png"
                //			"text": "我的"
            }
        ]
    },
    "uniIdRouter": {
        "loginPage": "uni_modules/uni-id-pages/pages/login/login-withoutpwd",
        "needLogin": ["/uni_modules/uni-id-pages/pages/userinfo/userinfo", "pages/home/.*"],
        "resToLogin": true
    }
}
